URL,Last crawled
https://kateandtoms.com/houses/godolphin-hall/gh_0542/,2025-06-17
https://kateandtoms.com/houses/godolphin-hall/gh_1787/,2025-06-17
https://kateandtoms.com/houses/godolphin-hall/gh_1739/,2025-06-17
https://kateandtoms.com/houses/river-view-castle/pentillie-castle-16/,2025-06-17
https://kateandtoms.com/houses/salcombe-moult/the-moult34-2/,2025-06-17
https://kateandtoms.com/houses/salcombe-moult/lowres105/,2025-06-17
https://kateandtoms.com/houses/salcombe-moult/the-moult28/,2025-06-17
https://kateandtoms.com/houses/chalke-valley-house/chalke-valley3/,2025-06-17
https://kateandtoms.com/houses/campden-edge/campden-edge3/,2025-06-17
https://kateandtoms.com/houses/birkmere-hall-estate/blencowe-hall-9/,2025-06-17
https://kateandtoms.com/houses/birkmere-hall-estate/blencowe-hall-14/,2025-06-16
https://kateandtoms.com/houses/south-downs-farm/south-downs8/,2025-06-16
https://kateandtoms.com/houses/the-hollies/review-pic/,2025-06-16
https://kateandtoms.com/houses/ludbrook-manor/ludbrook7/,2025-06-16
https://kateandtoms.com/houses/lancestone-house/maryfield9/,2025-06-16
https://kateandtoms.com/houses/foxholme/foxholme-edit/,2025-06-16
https://kateandtoms.com/houses/waters-reach/waters-reach1/,2025-06-16
https://kateandtoms.com/houses/waters-reach/waters-reach3/,2025-06-16
https://kateandtoms.com/houses/lancestone-house/img_7628-2/,2025-06-15
https://kateandtoms.com/houses/berry-pen/kingham-cottages-swimming-pool-2/,2025-06-15
https://kateandtoms.com/houses/river-view-castle/pentillie-castle-22/,2025-06-15
https://kateandtoms.com/houses/albaston-lodge/house-best/,2025-06-15
https://kateandtoms.com/houses/ewelme-manor/berkeley-castle/,2025-06-15
https://kateandtoms.com/houses/waters-reach/waters-reach5/,2025-06-15
https://kateandtoms.com/houses/ewelme-manor/ewelme_manor-14/,2025-06-15
https://kateandtoms.com/houses/ewelme-manor/ewelme-manor-pool/,2025-06-15
https://kateandtoms.com/houses/the-dairy-farm/tidwell-farm-32-crop/,2025-06-15
https://kateandtoms.com/houses/mangerton-house/mangerton-14/,2025-06-15
https://kateandtoms.com/houses/beachley/beachley-house6/,2025-06-15
https://kateandtoms.com/houses/beachley/beachley-house9/,2025-06-15
https://kateandtoms.com/houses/beachley/beachley-house3/,2025-06-15
https://kateandtoms.com/houses/hideaway-cove/waterwynch3/,2025-06-15
https://kateandtoms.com/houses/hideaway-cove/waterwynch4/,2025-06-15
https://kateandtoms.com/houses/the-hollies/njy_dsc5551/,2025-06-15
https://kateandtoms.com/houses/the-castle-on-the-coast/penn-castle-bedrooms-2/,2025-06-15
https://kateandtoms.com/houses/ryeworth-cottage/ryeworth7/,2025-06-15
https://kateandtoms.com/houses/grove-farm/grove-farm3/,2025-06-15
https://kateandtoms.com/houses/liverpool-townhouse/liverpool-house9/,2025-06-15
https://kateandtoms.com/houses/liverpool-townhouse/liverpool-house38/,2025-06-15
https://kateandtoms.com/houses/nautic-house/nautic-house8/,2025-06-15
https://kateandtoms.com/houses/delphi-apartments/delphi-apartments6/,2025-06-15
https://kateandtoms.com/houses/house-in-hastings/captains-room-bed/,2025-06-15
https://kateandtoms.com/houses/delphi-apartments/delphi-apartments2/,2025-06-15
https://kateandtoms.com/houses/delphi-apartments/delphi-apartments5/,2025-06-15
https://kateandtoms.com/houses/shed-somerset/theshed2/,2025-06-15
https://kateandtoms.com/houses/ludbrook-manor/ludbrook3/,2025-06-14
https://kateandtoms.com/houses/ludbrook-manor/ludbrook1/,2025-06-14
https://kateandtoms.com/houses/lambourn-house/img_8406/,2025-06-14
https://kateandtoms.com/houses/royal-tudor-manor/royal-tudor-manor5/,2025-06-14
https://kateandtoms.com/houses/holmegate-house-and-wing/holmegate-garden7/,2025-06-14
https://kateandtoms.com/houses/halula-beach-house/halula2083/,2025-06-14
https://kateandtoms.com/houses/wellacres-house/wellacres/,2025-06-14
https://kateandtoms.com/houses/wellacres-house/njy_dsc6128/,2025-06-14
https://kateandtoms.com/houses/church-cottage/church-cottage66/,2025-06-14
https://kateandtoms.com/houses/derwentwater-house/derwentwater-2/,2025-06-14
https://kateandtoms.com/houses/derwentwater-house/derwentwater-22/,2025-06-14
https://kateandtoms.com/houses/derwentwater-house/derwentwater-1/,2025-06-14
https://kateandtoms.com/houses/kimmeridge-hall/kimmeridge-hall2/,2025-06-14
https://kateandtoms.com/houses/the-old-stone-barns/img_5404/,2025-06-14
https://kateandtoms.com/houses/jacobean-hall/jacobean2-4-1510/,2025-06-14
https://kateandtoms.com/houses/jacobean-hall/jacobean2-4-151/,2025-06-14
https://kateandtoms.com/houses/southlake-house/south-cerney-house1/,2025-06-14
https://kateandtoms.com/houses/jacobean-hall/jacobean2-4-153/,2025-06-14
https://kateandtoms.com/houses/marsden-manor/marsden-3/,2025-06-14
https://kateandtoms.com/houses/cambrian-retreat/external-side1/,2025-06-14
https://kateandtoms.com/houses/eastlands/eastlands18/,2025-06-14
https://kateandtoms.com/houses/the-georgian-house/1000/,2025-06-14
https://kateandtoms.com/houses/shed-somerset/1000/,2025-06-13
https://kateandtoms.com/houses/cardynham-house/arc-painswick-56-finest-retreats/,2025-06-13
https://kateandtoms.com/houses/cardynham-house/painswick-house-57/,2025-06-13
https://kateandtoms.com/houses/cardynham-house/arc-painswick-63-finest-retreats/,2025-06-13
https://kateandtoms.com/houses/grove-farm/grove-farm2-2/,2025-06-13
https://kateandtoms.com/houses/the-fitz/attachment/,2025-06-13
https://kateandtoms.com/houses/grove-farm/slade-farm38221/,2025-06-13
https://kateandtoms.com/houses/berry-pen/_c8b1453/,2025-06-13
https://kateandtoms.com/houses/holmegate-house-and-wing/holmegate1/,2025-06-13
https://kateandtoms.com/houses/old-station-house/90116ns5/,2025-06-13
https://kateandtoms.com/houses/old-station-house/cedar-house-kitchen/,2025-06-13
https://kateandtoms.com/houses/old-station-house/cedar-house-kitchen3/,2025-06-12
https://kateandtoms.com/houses/hilltop-hall/hilltop-hall9/,2025-06-12
https://kateandtoms.com/houses/old-brook-school-house/the-school-rooms8/,2025-06-10
https://kateandtoms.com/houses/berry-pen/_c8b1438/,2025-06-10
https://kateandtoms.com/houses/the-grotto/the-grotto7/,2025-06-10
https://kateandtoms.com/houses/birkmere-hall/birkmere5/,2025-06-10
https://kateandtoms.com/houses/birkmere-hall/birkmere1/,2025-06-10
https://kateandtoms.com/houses/birkmere-hall/birkmere9/,2025-06-10
https://kateandtoms.com/houses/box-barn/b-barn40287/,2025-06-10
https://kateandtoms.com/houses/box-barn/b-barn40274/,2025-06-09
https://kateandtoms.com/houses/salcombe-moult/lowres15/,2025-06-09
https://kateandtoms.com/houses/lakeside-house/silverholme-6/,2025-06-09
https://kateandtoms.com/houses/southlake-house/houses/,2025-06-09
https://kateandtoms.com/houses/burghwood-hall/_mg_0212/,2025-06-09
https://kateandtoms.com/houses/burghwood-hall/bridal/,2025-06-09
https://kateandtoms.com/houses/ridgeway-house/ridgeway2208/,2025-06-09
https://kateandtoms.com/houses/ridgeway-house/ridgeway2144/,2025-06-09
https://kateandtoms.com/houses/whittington-house/dcim100mediadji_0104-jpg-2/,2025-06-09
https://kateandtoms.com/houses/albaston-lodge/tennis-court/,2025-06-09
https://kateandtoms.com/houses/lakeside-house/silverholme-1/,2025-06-09
https://kateandtoms.com/houses/liverpool-townhouse/liverpool-house15/,2025-06-09
https://kateandtoms.com/houses/wessex-manor/unknown/,2025-06-08
https://kateandtoms.com/houses/Windermere-retreat/more/,2025-06-08
https://kateandtoms.com/houses/house-in-hastings/cabin-bedroom/,2025-06-08
https://kateandtoms.com/houses/wessex-manor/clock/,2025-06-08
https://kateandtoms.com/houses/the-castle-on-the-coast/penn-castle-christmas/,2025-06-08
https://kateandtoms.com/houses/the-georgian-house/ardington075/,2025-06-08
https://kateandtoms.com/houses/hilltop-hall/hilltop-hall2/,2025-06-08
https://kateandtoms.com/houses/hilltop-hall/hilltop-hall3/,2025-06-08
https://kateandtoms.com/houses/pedington-manor/njy-dsc_0095/,2025-06-08
https://kateandtoms.com/houses/frampton-court/availabilty/,2025-06-08
https://kateandtoms.com/houses/halula-beach-house/halula2128/,2025-06-08
https://kateandtoms.com/houses/limebrook-hall/limebrook-hall/,2025-06-08
https://kateandtoms.com/houses/Renard-Estate/more/,2025-06-08
https://kateandtoms.com/houses/mangerton-house/mangerton-18/,2025-06-08
https://kateandtoms.com/houses/mangerton-house/mangerton-16/,2025-06-08
https://kateandtoms.com/houses/churchill-wood/njy_dsc1013/,2025-06-08
https://kateandtoms.com/houses/churchill-wood/churchill-wood-drone12/,2025-06-08
https://kateandtoms.com/houses/eastlands/eastlands3/,2025-06-08
https://kateandtoms.com/houses/severn-bank-house-2/dsc_2414/,2025-06-08
https://kateandtoms.com/houses/severn-bank-house-2/dsc_3411/,2025-06-08
https://kateandtoms.com/houses/severn-bank-house-2/Severn/,2025-06-08
https://kateandtoms.com/houses/lansdown-house/img_4183/,2025-06-08
https://kateandtoms.com/houses/minton-hall/minton-hall9/,2025-06-08
https://kateandtoms.com/houses/whittington-house/whittington-house44754/,2025-06-07
https://kateandtoms.com/houses/whittington-house/whittington-house44728/,2025-06-07
https://kateandtoms.com/houses/salcombe-moult/tm76/,2025-06-07
https://kateandtoms.com/houses/meon-valley-house/meon-valley-exterior1/,2025-06-07
https://kateandtoms.com/houses/meon-valley-house/meon-valley-exterior7/,2025-06-07
https://kateandtoms.com/houses/salcombe-moult/lowres30/,2025-06-07
https://kateandtoms.com/houses/salcombe-moult/lowres34/,2025-06-07
https://kateandtoms.com/houses/courtyard-barns/1000/,2025-06-07
https://kateandtoms.com/houses/the-manor-house/the-manor-29-12-14-55/,2025-06-07
https://kateandtoms.com/houses/the-manor-house/the-manor-29-12-14-32/,2025-06-07
https://kateandtoms.com/houses/font-hall/font-hall-023/,2025-06-07
https://kateandtoms.com/houses/cotswold-edge-house/njy_dsc3878-2/,2025-06-07
https://kateandtoms.com/houses/nautic-house/nautic-house7/,2025-06-06
https://kateandtoms.com/houses/anfield-88/88-anfield41068/,2025-06-06
https://kateandtoms.com/houses/anfield-88/88-anfield41051/,2025-06-06
https://kateandtoms.com/houses/anfield-88/88-anfield41073/,2025-06-06
https://kateandtoms.com/houses/nautic-house/nautic-house1/,2025-06-06
https://kateandtoms.com/houses/river-view-castle/pentillie-castle-20/,2025-06-06
https://kateandtoms.com/houses/campden-edge/campden-edge8/,2025-06-06
https://kateandtoms.com/houses/severn-lodge/img_1324/,2025-06-06
https://kateandtoms.com/houses/church-cottage/church-cottage3/,2025-06-06
https://kateandtoms.com/houses/church-cottage/church-cottage2/,2025-06-05
https://kateandtoms.com/houses/church-cottage/church-cottage5/,2025-06-05
https://kateandtoms.com/houses/severn-lodge/img_1395/,2025-06-05
https://kateandtoms.com/houses/shalfleet-manor/shalfleet-manor40102/,2025-06-05
https://kateandtoms.com/houses/the-manor-house/sdc11840/,2025-06-05
https://kateandtoms.com/houses/severn-lodge/img_1387/,2025-06-05
https://kateandtoms.com/houses/the-grotto/grotto-2/,2025-06-05
https://kateandtoms.com/houses/font-hall/font-hall-052/,2025-06-05
https://kateandtoms.com/houses/chalke-valley-house/chalke-valley6/,2025-06-05
https://kateandtoms.com/houses/chalke-valley-house/chalke-valley5/,2025-06-05
https://kateandtoms.com/houses/cotswold-valley-court/the-court-house4/,2025-06-05
https://kateandtoms.com/houses/studland-bay-house/studland-bay-gardens/,2025-06-04
https://kateandtoms.com/houses/studland-bay-house/studland_shellbay/,2025-06-04
https://kateandtoms.com/houses/Renard-Estate/facts/,2025-06-04
https://kateandtoms.com/houses/old-brook-school-house/the-school-rooms3/,2025-06-04
https://kateandtoms.com/houses/old-brook-school-house/the-school-rooms5/,2025-06-04
https://kateandtoms.com/houses/key-west/kay-west4/,2025-06-04
https://kateandtoms.com/houses/key-west/kay-west9/,2025-06-04
https://kateandtoms.com/houses/key-west/kay-west8/,2025-06-04
https://kateandtoms.com/houses/the-hideout/the-hide-291219-0151/,2025-06-04
https://kateandtoms.com/houses/the-hideout/the-hideout93/,2025-06-04
https://kateandtoms.com/houses/pedington-manor/pedington-view/,2025-06-04
https://kateandtoms.com/houses/seascape/1000/,2025-06-04
https://kateandtoms.com/houses/the-curved-house/curved-house24/,2025-06-04
https://kateandtoms.com/houses/south-downs-farm/south-downs6/,2025-06-04
https://kateandtoms.com/houses/campden-edge/campden-edge7/,2025-06-04
https://kateandtoms.com/houses/pine-lodge/pine-lodge1/,2025-06-03
https://kateandtoms.com/houses/pine-lodge/pine-lodge5/,2025-06-03
https://kateandtoms.com/houses/pine-lodge/pine-lodge8/,2025-06-03
https://kateandtoms.com/houses/broadstone-court/broadstone3/,2025-06-03
https://kateandtoms.com/houses/broadstone-court/broadstone1/,2025-06-02
https://kateandtoms.com/houses/broadstone-court/broadstone7/,2025-06-02
https://kateandtoms.com/houses/birkmere-hall-estate/cazenovia1/,2025-06-01
https://kateandtoms.com/houses/meon-valley-house/meon-valley-interior38/,2025-06-01
https://kateandtoms.com/category/blog/,2025-06-01
https://kateandtoms.com/houses/berry-pen/_c8b1468/,2025-06-01
https://kateandtoms.com/houses/berry-pen/_c8b1440/,2025-06-01
https://kateandtoms.com/houses/berry-pen/_c8b1452/,2025-06-01
https://kateandtoms.com/houses/berry-pen/_c8b1436/,2025-06-01
https://kateandtoms.com/houses/holmegate-house-and-wing/holmegate-garden8/,2025-06-01
https://kateandtoms.com/houses/the-lodge/brookway-lodge-40/,2025-05-31
https://kateandtoms.com/houses/kimmeridge-hall/kimmeridge-hall1/,2025-05-31
https://kateandtoms.com/houses/kimmeridge-hall/kimmeridge-hall4/,2025-05-31
https://kateandtoms.com/houses/the-fitz/njy_dsc5521/,2025-05-31
https://kateandtoms.com/houses/berry-pen/_c8b1518/,2025-05-31
https://kateandtoms.com/houses/springfield-house/springfield-house-view/,2025-05-31
https://kateandtoms.com/houses/springfield-house/springfield-house-10104/,2025-05-31
https://kateandtoms.com/houses/lansdown-house/img_4177/,2025-05-30
https://kateandtoms.com/houses/lamper-head/lamper-head55-2/,2025-05-30
https://kateandtoms.com/houses/lamper-head/lamper-head31-2/,2025-05-30
https://kateandtoms.com/houses/berry-pen/_c8b1534/,2025-05-30
https://kateandtoms.com/houses/cotswold-edge-house/njy_dsc3856-2/,2025-05-30
https://kateandtoms.com/houses/cotswold-edge-house/njy_dsc3759-2/,2025-05-30
https://kateandtoms.com/houses/berry-pen/_c8b1522/,2025-05-30
https://kateandtoms.com/houses/royal-tudor-manor/royal-tudor-manor10/,2025-05-30
https://kateandtoms.com/houses/royal-tudor-manor/royal-tudor-manor11/,2025-05-30
https://kateandtoms.com/houses/church-cottage/church-cottage43-2/,2025-05-29
https://kateandtoms.com/houses/marsden-manor/me-048/,2025-05-27
https://kateandtoms.com/houses/church-cottage/church-cottage35-2/,2025-05-27
https://kateandtoms.com/houses/george-24/edge24-interiorb-509/,2025-05-25
https://kateandtoms.com/houses/george-24/edge24-interiorb-353/,2025-05-25
https://kateandtoms.com/houses/church-cottage/church-cottage45/,2025-05-24
https://kateandtoms.com/houses/house-in-hastings/hall-bear-bench/,2025-05-24
https://kateandtoms.com/houses/gladwin-hall/gladwin-hall22/,2025-05-23
https://kateandtoms.com/houses/cambrian-retreat/farmhouse-sk/,2025-05-23
https://kateandtoms.com/houses/cotswold-valley-court/the-court-house5/,2025-05-23
https://kateandtoms.com/houses/the-moult-wing/wingmoult/,2025-05-23
https://kateandtoms.com/houses/the-moult-wing/wingmoult2/,2025-05-23
https://kateandtoms.com/houses/the-freeth/freethvrtour/,2025-05-23
https://kateandtoms.com/houses/the-freeth/dji_0080-copy/,2025-05-23
https://kateandtoms.com/houses/lambourn-house/img_8408/,2025-05-23
https://kateandtoms.com/houses/edge-14/edge14-temp-97/,2025-05-23
https://kateandtoms.com/houses/the-curved-house/curved-house29/,2025-05-23
https://kateandtoms.com/houses/edge-14/edge14-temp-45/,2025-05-22
https://kateandtoms.com/houses/edge-14/food-wide1/,2025-05-22
https://kateandtoms.com/houses/coast-house/brunton-house-1/,2025-05-22
https://kateandtoms.com/houses/coast-house/beadnell-bay/,2025-05-22
https://kateandtoms.com/houses/salcombe-moult/the-moult4/,2025-05-18
https://kateandtoms.com/houses/burghwood-hall/_mg_9460/,2025-05-18
https://kateandtoms.com/houses/mulberry-house/cove-cottage-cd82/,2025-05-17
https://kateandtoms.com/houses/mulberry-house/mulberry2438-1/,2025-05-17
https://kateandtoms.com/houses/mulberry-house/mulberry2505-1/,2025-05-17
https://kateandtoms.com/houses/coast-house/brunton-house-14/,2025-05-17
https://kateandtoms.com/houses/river-hall/river-hall1/,2025-05-17
https://kateandtoms.com/houses/coast-house/brunton-exterior-2/,2025-05-16
https://kateandtoms.com/houses/eastlands/eastlands8/,2025-05-14
https://kateandtoms.com/houses/dairy-barns/the-dairy-farm-barn-courtyard-8/,2025-05-13
https://kateandtoms.com/houses/berry-pen/berry-pen6/,2025-05-13
https://kateandtoms.com/houses/captains-house/captains-house50/,2025-05-13
https://kateandtoms.com/houses/captains-house/captains-house43/,2025-05-13
https://kateandtoms.com/houses/captains-house/captains-house22/,2025-05-13
https://kateandtoms.com/houses/the-old-stone-barns/img_5403/,2025-05-13
https://kateandtoms.com/houses/landmark/landmark3/,2025-05-12
https://kateandtoms.com/houses/landmark/landmark7/,2025-05-12
https://kateandtoms.com/houses/landmark/landmark4/,2025-05-12
https://kateandtoms.com/houses/seascape/trevose/,2025-05-12
https://kateandtoms.com/houses/eden-valley-hall-farm/eden-valley-hall-farm3/,2025-05-12
https://kateandtoms.com/houses/salcombe-moult/the-moult14/,2025-05-12
https://kateandtoms.com/category/blog/page/4/,2025-05-11
https://kateandtoms.com/houses/meon-valley-house/meon-valley-interior12/,2025-05-10
https://kateandtoms.com/houses/meon-valley-house/meon-valley-interior23/,2025-05-09
https://kateandtoms.com/houses/osea-manor/osea-island1/,2025-05-06
https://kateandtoms.com/houses/meon-valley-house/meon-valley-interior35/,2025-05-05
https://kateandtoms.com/houses/osea-manor/osea-island35/,2025-05-05
https://kateandtoms.com/houses/salcombe-moult/the-moult7/,2025-05-04
https://kateandtoms.com/houses/delphi-apartments/delphi-apartments11/,2025-05-03
https://kateandtoms.com/houses/the-old-mill/all-images-copyright-nicholas-yarsley-wizzwam-ltd-159/,2025-05-03
https://kateandtoms.com/houses/eden-valley-hall-farm/eden-valley-hall-farm7/,2025-05-03
https://kateandtoms.com/houses/salcombe-moult/lowres26-2/,2025-05-02
https://kateandtoms.com/houses/river-hall/hallsannery-28/,2025-05-02
https://kateandtoms.com/houses/coast-house/brunton-house-bedroom_1/,2025-05-01
https://kateandtoms.com/houses/birkmere-barn-cottages/more/,2025-05-01
https://kateandtoms.com/houses/berry-pen/kingham-cottages-the-sequoia-room/,2025-04-30
https://kateandtoms.com/houses/fairoaks-farm/ferringpool1-2/,2025-04-30
https://kateandtoms.com/houses/river-hall/off-the-lead-exercise-field-in-front-of-the-house/,2025-04-30
https://kateandtoms.com/houses/coast-house/brunton-house-dining_room_1/,2025-04-30
https://kateandtoms.com/houses/river-hall/walks-from-the-house/,2025-04-29
https://kateandtoms.com/houses/river-hall/river-hall-coach-house-7/,2025-04-29
https://kateandtoms.com/houses/coast-house/brunton-house-bedroom_2/,2025-04-28
https://kateandtoms.com/houses/the-loft/kingham-1-sq1/,2025-04-28
https://kateandtoms.com/houses/The-Old-Stone-Barns/more/,2025-04-26
https://kateandtoms.com/houses/northridge-hall-and-cottage/northvrtour/,2025-04-26
https://kateandtoms.com/houses/northridge-hall-and-cottage/northridge-hall3-3/,2025-04-26
https://kateandtoms.com/houses/marsden-manor/marsden11371/,2025-04-25
https://kateandtoms.com/houses/dairy-house-cowshed/dairy-house24/,2025-04-23
https://kateandtoms.com/houses/little-bickley/little-bickley-bedroom-5/,2025-04-23
https://kateandtoms.com/houses/eden-valley-hall-farm/eden-valley-hall-farm5/,2025-04-22
https://kateandtoms.com/houses/taw-valley-house/taw-valley-house1/,2025-04-20
https://kateandtoms.com/houses/taw-valley-house/taw-valley-house8/,2025-04-20
https://kateandtoms.com/houses/taw-valley-house/taw-valley-house2/,2025-04-20
https://kateandtoms.com/category/blog/page/14/,2025-04-20
https://kateandtoms.com/houses/the-lodge/brookway-lodge-39/,2025-04-19
https://kateandtoms.com/houses/river-hall/16-lawn/,2025-04-19
https://kateandtoms.com/houses/whitelake-hall/whitelake6/,2025-04-19
https://kateandtoms.com/houses/whitelake-hall/whitelake8/,2025-04-19
https://kateandtoms.com/houses/osea-manor/osea-island4/,2025-04-19
https://kateandtoms.com/houses/melksham-court/melksham-court5/,2025-04-19
https://kateandtoms.com/houses/whitelake-hall/whitelake3/,2025-04-19
https://kateandtoms.com/houses/salcombe-moult/the-moult-201717807/,2025-04-18
https://kateandtoms.com/houses/melksham-court/melksham-court20/,2025-04-18
https://kateandtoms.com/houses/barcroft-retreat/barcroft-retreat_7282/,2025-04-10
https://kateandtoms.com/houses/foxcote-grange/njy_dsc2933/,2025-04-09
https://kateandtoms.com/houses/marsden-manor/marsden3290/,2025-04-09
https://kateandtoms.com/houses/barcroft-retreat/barcroft-retreat_7162/,2025-04-06
https://kateandtoms.com/houses/arosfa-lodge/www.kateandtoms.com/,2025-04-02
https://kateandtoms.com/houses/croft-house/croft-house7/,2025-03-29
https://kateandtoms.com/houses/croft-house/croft-house5/,2025-03-29
https://kateandtoms.com/houses/holmegate-house-and-wing/holmegate-pool-2-3/,2025-03-27
https://kateandtoms.com/houses/dairy-house-cowshed/dairy-house32/,2025-03-24
https://kateandtoms.com/houses/dairy-house-cowshed/dairy-house4/,2025-03-24
https://kateandtoms.com/houses/the-hollies/woollams1796/,2025-03-10
https://kateandtoms.com/houses/shed-somerset/theshed4/,2025-03-08
https://kateandtoms.com/houses/salcombe-moult/the-moult12/,2025-03-08
https://kateandtoms.com/category/blog/page/10/,2025-03-07
https://kateandtoms.com/houses/cambrian-retreat/pulumon-kitchen/,2025-03-07
https://kateandtoms.com/houses/salcombe-moult/the-moult13/,2025-03-06
https://kateandtoms.com/houses/salcombe-moult/the-moult15/,2025-03-02
https://kateandtoms.com/category/blog/page/6/,2025-03-01
https://kateandtoms.com/houses/salcombe-moult/lowres32/,2025-02-21
https://kateandtoms.com/houses/salcombe-moult/the-moult26/,2025-02-13
https://kateandtoms.com/houses/long-house-cottages/ullswater-nick-9/,2025-02-12
https://kateandtoms.com/houses/coast-house/brunton-house-4/,2025-02-12
https://kateandtoms.com/houses/salcombe-moult/the-moult19/,2025-02-09
https://kateandtoms.com/houses/seascape/treyarnon/,2025-02-08
https://kateandtoms.com/houses/river-glaslyn-house/pc-1/,2025-02-04
https://kateandtoms.com/houses/owlscombe/img_3002/,2025-02-03
https://kateandtoms.com/houses/owlscombe/img_3003/,2025-02-03
https://kateandtoms.com/houses/owlscombe/_dsc7970/,2025-02-03
https://kateandtoms.com/houses/the-hyde/dji_0056/,2025-02-01
https://kateandtoms.com/houses/the-hyde/hot-tub-6/,2025-02-01
https://kateandtoms.com/houses/river-glaslyn-house/pc-2/,2025-01-31
https://kateandtoms.com/houses/river-glaslyn-house/pc-4/,2025-01-31
https://kateandtoms.com/houses/tamaris-house/wooladon6/,2025-01-30
https://kateandtoms.com/houses/tamaris-house/wooladon5/,2025-01-30
https://kateandtoms.com/houses/tamaris-house/wooladon4/,2025-01-30
https://kateandtoms.com/houses/lansdown-house/longworth-villa-26384/,2025-01-20
https://kateandtoms.com/houses/lambourn-house/lambourn-house10/,2025-01-20
https://kateandtoms.com/houses/derwentwater-house/derwentwater-68/,2025-01-20
https://kateandtoms.com/houses/redacre-hall/hot-tub-9/,2025-01-16
https://kateandtoms.com/houses/redacre-hall/redacre/,2025-01-16
https://kateandtoms.com/houses/ferring/model/,2025-01-15
https://kateandtoms.com/houses/ferring/model-2/,2025-01-15
https://kateandtoms.com/houses/ryeworth-cottage/ryeworth1/,2025-01-14
https://kateandtoms.com/houses/ryeworth-cottage/ryeworth2/,2025-01-14
https://kateandtoms.com/houses/birkmere-barn/all-images-copyright-nicholas-yarsley-wizzwam-ltd-8/,2025-01-14
https://kateandtoms.com/houses/summers-lodge/hot-tub4130/,2025-01-13
https://kateandtoms.com/houses/summers-lodge/hot-tub4122/,2025-01-13
https://kateandtoms.com/houses/summers-lodge/hot-tub4093/,2025-01-12
https://kateandtoms.com/houses/salcombe-moult/the-moult1/,2025-01-12
https://kateandtoms.com/houses/church-cottage/church-cottage73/,2025-01-11
https://kateandtoms.com/houses/hideaway-cove/waterwynch5/,2025-01-11
https://kateandtoms.com/houses/kirkbride-hall/lr-kirkbride-hall1976/,2025-01-10
https://kateandtoms.com/houses/kirkbride-hall/lr-kirkbride-hall1952/,2025-01-10
https://kateandtoms.com/houses/kirkbride-hall/lr-kirkbride-hall1965/,2025-01-10
https://kateandtoms.com/houses/mangerton-house/mangerton-20/,2025-01-03
https://kateandtoms.com/houses/barcroft-manor/twin-room/,2025-01-02
https://kateandtoms.com/houses/barcroft-manor/kitchen-5/,2025-01-02
https://kateandtoms.com/houses/barcroft-manor/hallway-7/,2025-01-02
https://kateandtoms.com/houses/seascape/simon-escapes-little-polgarron-boobys-bay-cornwall-14th-no-14/,2025-01-02
https://kateandtoms.com/houses/seascape/simon-escapes-little-polgarron-boobys-bay-cornwall-14th-no-8/,2024-12-30
https://kateandtoms.com/houses/seascape/simon-escapes-little-polgarron-boobys-bay-cornwall-14th-no-12/,2024-12-29
https://kateandtoms.com/houses/beachley/beachley-house7/,2024-12-28
https://kateandtoms.com/houses/chalke-valley-house/chalke-valley-house35/,2024-12-27
https://kateandtoms.com/houses/dairy-barns/the-dairy-farm-barn-room-5-1/,2024-12-25
https://kateandtoms.com/houses/mangerton-house/mangerton-15/,2024-12-22
https://kateandtoms.com/houses/derwentwater-house/derwentwater-5/,2024-12-21
https://kateandtoms.com/houses/derwentwater-house/derwentwater-10/,2024-12-20
https://kateandtoms.com/houses/house-in-hastings/captains-room-marning-view/,2024-12-20
https://kateandtoms.com/houses/tamaris-house/wooladon11/,2024-12-20
https://kateandtoms.com/houses/villa-judapa/marine-villa-sunrise-view-2/,2024-12-20
https://kateandtoms.com/houses/kimmeridge-hall/kimmeridge-hall15/,2024-12-20
https://kateandtoms.com/houses/box-barn/b-barn40259/,2024-12-20
https://kateandtoms.com/houses/newcross-cottage/rowley-estates-stag-cottage-21/,2024-12-17
https://kateandtoms.com/houses/newcross-cottage/rowley-estates-stag-cottage-11/,2024-12-17
https://kateandtoms.com/houses/seascape/simon-escapes-little-polgarron-boobys-bay-cornwall-14th-no-10/,2024-12-17
https://kateandtoms.com/houses/seascape/simon-escapes-little-polgarron-boobys-bay-cornwall-14th-no-9/,2024-12-17
https://kateandtoms.com/houses/dairy-barns/the-dairy-farm-barn-courtyard-9/,2024-12-03
https://kateandtoms.com/houses/kites-gate-cottage/kites-gate-garden/,2024-11-26
https://kateandtoms.com/houses/fell-cottage/ullswater-lake-district-5-510x450/,2024-11-24
https://kateandtoms.com/houses/dairy-barns/the-dairy-farm-barn-kitchen-living-area-6/,2024-11-23
https://kateandtoms.com/houses/meon-valley-house/meon-valley-exterior28/,2024-11-18
https://kateandtoms.com/houses/fell-cottage/rowley-estates-wythburn-31/,2024-11-17
https://kateandtoms.com/houses/kites-gate-cottage/kites-gate-bedroom/,2024-11-17
https://kateandtoms.com/houses/kites-gate-cottage/kinghams-restaurant/,2024-11-17
https://kateandtoms.com/houses/derwentwater-house/derwentwater-51/,2024-11-17
https://kateandtoms.com/houses/shed-somerset/img_0304/,2024-11-14
https://kateandtoms.com/houses/lansdown-house/img_4174/,2024-11-14
https://kateandtoms.com/houses/birkmere-barn-2/rowley-estates-cazenovia-101/,2024-11-14
https://kateandtoms.com/houses/the-lodge/brookway-lodge-25/,2024-11-14
https://kateandtoms.com/houses/chalke-valley-house/chalke-valley-house33/,2024-11-14
https://kateandtoms.com/houses/the-loft/the-coach-house-7-sq/,2024-11-12
https://kateandtoms.com/houses/salcombe-moult/the-moult11/,2024-11-12
https://kateandtoms.com/houses/coast-house/brunton-house-31/,2024-11-10
https://kateandtoms.com/houses/coast-house/brunton-house-7/,2024-11-09
https://kateandtoms.com/houses/jacobean-hall/jacobean2-4-157/,2024-11-09
https://kateandtoms.com/houses/coast-house/brunton-house-5/,2024-11-09
https://kateandtoms.com/houses/meon-valley-house/meon-valley-exterior56/,2024-11-08
https://kateandtoms.com/houses/the-manor-house/the-manor-29-12-14-42/,2024-11-03
https://kateandtoms.com/houses/church-cottage/church-cottage32/,2024-11-02
https://kateandtoms.com/houses/the-freeth/the-freeth-15-5-15-12/,2024-10-31
https://kateandtoms.com/houses/the-freeth/the-freeth-15-5-15-13/,2024-10-27
https://kateandtoms.com/houses/sky-tower/sky-tower30/,2024-10-27
https://kateandtoms.com/houses/chalke-valley-house/chalke-valley-house34/,2024-10-26
https://kateandtoms.com/houses/bristowe-hill/derwentwater-12-2/,2024-10-22
https://kateandtoms.com/houses/bristowe-hill/daytwo0012/,2024-10-21
https://kateandtoms.com/houses/salcombe-moult/the-moult9/,2024-10-19
https://kateandtoms.com/houses/salcombe-moult/the-moult29/,2024-10-18
https://kateandtoms.com/houses/salcombe-moult/the-moult27/,2024-10-18
https://kateandtoms.com/houses/southlake-house/south-cerney-house15/,2024-10-15
https://kateandtoms.com/houses/the-stables-and-granary/all-images-copyright-nicholas-yarsley-wizzwam-ltd-150/,2024-10-04
https://kateandtoms.com/houses/the-long-house/rowley-estates-glassonby-ext-17/,2024-10-01
https://kateandtoms.com/houses/south-downs-farm/south-downs9/,2024-09-24
https://kateandtoms.com/houses/the-lodge/brookway-lodge-32/,2024-09-21
https://kateandtoms.com/houses/lamper-head/lamperhead-140315-8/,2024-09-18
https://kateandtoms.com/houses/the-freeth/the-freeth-15-5-15-20/,2024-09-15
https://kateandtoms.com/houses/croft-house/croft-house2/,2024-09-13
https://kateandtoms.com/houses/campden-edge/campden-edge2/,2024-09-10
https://kateandtoms.com/houses/sky-tower/sky-tower35/,2024-09-08
https://kateandtoms.com/houses/southlake-house/south-cerney-house14/,2024-09-08
https://kateandtoms.com/houses/holmegate-house-and-wing/holmegate-garden3/,2024-09-08
https://kateandtoms.com/houses/the-freeth/the-freeth-15-5-15-16/,2024-09-08
https://kateandtoms.com/houses/sky-tower/sky-tower15/,2024-09-04
https://kateandtoms.com/houses/cornish-elegance/polpier-and-penpol-6-8-48-2/,2024-09-03
https://kateandtoms.com/houses/bristowe-hill/daytwo0056/,2024-09-02
https://kateandtoms.com/houses/summers-lodge/hot-tub4131/,2024-09-02
https://kateandtoms.com/houses/holmegate-house/holmegate-snug-2/,2024-09-01
https://kateandtoms.com/houses/holmegate-house/holmegate-bedroom-3/,2024-09-01
https://kateandtoms.com/houses/holmegate-house/holmegate-hallway/,2024-09-01
https://kateandtoms.com/houses/house-in-hastings/cabin-room-ship-needlepoint/,2024-08-28
https://kateandtoms.com/houses/waters-reach/waters-reach-3/,2024-08-27
https://kateandtoms.com/houses/croft-house/croft-house8/,2024-08-25
https://kateandtoms.com/houses/hilltop-hall/hilltop-hall5/,2024-08-25
https://kateandtoms.com/houses/the-grotto/njy_dsc4008/,2024-08-23
https://kateandtoms.com/houses/waters-reach/waters-reach12/,2024-08-22
https://kateandtoms.com/houses/sky-tower/sky-tower20/,2024-08-19
https://kateandtoms.com/houses/cambrian-retreat/barcud-bedroom-1/,2024-08-19
https://kateandtoms.com/houses/lakeside-house/silverholme-56/,2024-08-19
https://kateandtoms.com/houses/nautic-house/nautic-house6/,2024-08-18
https://kateandtoms.com/houses/house-in-hastings/sitting-room-sea-view/,2024-08-18
https://kateandtoms.com/houses/the-slate-beach-house/camel-quarry-59/,2024-08-17
https://kateandtoms.com/houses/the-slate-beach-house/camel-quarry-9/,2024-08-17
https://kateandtoms.com/houses/the-slate-beach-house/camel-quarry-94/,2024-08-17
https://kateandtoms.com/houses/kimmeridge-hall/kimmeridge-hall9/,2024-08-17
https://kateandtoms.com/houses/kites-gate-cottage/kites-gate-bathroom2/,2024-08-13
https://kateandtoms.com/houses/holmegate-house/holmegate-play-set/,2024-08-10
https://kateandtoms.com/houses/box-barn/b-barn40298/,2024-08-10
https://kateandtoms.com/houses/derwentwater-house/derwentwater-9/,2024-08-07
https://kateandtoms.com/houses/delphi-apartments/delphi-apartments19/,2024-08-05
https://kateandtoms.com/houses/delphi-apartments/delphi-apartments18/,2024-08-04
https://kateandtoms.com/houses/delphi-apartments/delphi-apartments16/,2024-08-04
https://kateandtoms.com/houses/delphi-apartments/delphi-apartments22/,2024-08-04
https://kateandtoms.com/houses/delphi-apartments/delphi-apartments7/,2024-08-04
https://kateandtoms.com/houses/delphi-apartments/delphi-apartments8/,2024-08-04
https://kateandtoms.com/houses/delphi-apartments/delphi-apartments13/,2024-08-04
https://kateandtoms.com/houses/delphi-apartments/delphi-apartments9/,2024-08-04
https://kateandtoms.com/houses/delphi-apartments/delphi-apartments4/,2024-08-04
https://kateandtoms.com/houses/delphi-apartments/delphi-apartments12/,2024-08-04
https://kateandtoms.com/houses/delphi-apartments/delphi-apartments20/,2024-08-04
https://kateandtoms.com/houses/villa-judapa/villa-judapa2/,2024-08-04
https://kateandtoms.com/houses/severn-bank-house-2/severn-bank-house6/,2024-08-03
https://kateandtoms.com/houses/polpier/polpier-201826626/,2024-08-02
https://kateandtoms.com/houses/eastlands/eastlands13/,2024-08-02
https://kateandtoms.com/houses/the-loft/theloft-bathroom/,2024-08-02
https://kateandtoms.com/houses/bristowe-hill/daytwo0035/,2024-08-01
https://kateandtoms.com/houses/waters-reach/waters-reach2/,2024-08-01
https://kateandtoms.com/houses/the-castle-on-the-coast/penn-castle-receptions-17/,2024-08-01
https://kateandtoms.com/houses/southlake-house/south-cerney-house3/,2024-07-29
https://kateandtoms.com/houses/lamper-head/lamperhead-1403154383/,2024-07-29
https://kateandtoms.com/houses/hideaway-cove/waterwynch12/,2024-07-28
https://kateandtoms.com/houses/studland-bay-house/studland-bay-house-sea-views-2/,2024-07-28
https://kateandtoms.com/houses/the-castle-on-the-coast/penn-castle-exterior-8/,2024-07-28
https://kateandtoms.com/houses/beachley/beachley-house19/,2024-07-27
https://kateandtoms.com/houses/bristowe-hill/daytwo0037/,2024-07-26
https://kateandtoms.com/houses/house-in-hastings/dining-room-boat-view/,2024-07-26
https://kateandtoms.com/houses/the-slate-beach-house/camel-quarry-5/,2024-07-25
https://kateandtoms.com/houses/ryeworth-cottage/ryeworth-cottage-5/,2024-07-22
https://kateandtoms.com/houses/burghwood-hall/_mg_9754/,2024-07-22
https://kateandtoms.com/houses/the-moult-wing/the-moult-29-6-301/,2024-07-22
https://kateandtoms.com/houses/box-barn/b-barn40251/,2024-07-21
https://kateandtoms.com/houses/coast-house/brunton-house-bedroom_3/,2024-07-21
https://kateandtoms.com/houses/mulberry-house/lyme-regis-wide-copy1/,2024-07-15
https://kateandtoms.com/houses/shed-somerset/theshed3/,2024-07-14
https://kateandtoms.com/houses/the-grotto/the-grotto3/,2024-07-14
https://kateandtoms.com/houses/wessex-manor/hires-3192/,2024-07-14
https://kateandtoms.com/houses/newcross-hall-estate/rowley-estates-stag-cottage-2/,2024-07-14
https://kateandtoms.com/houses/kingham-cottages/p1020955/,2024-07-14
https://kateandtoms.com/houses/coast-house/brunton-house-15/,2024-07-13
https://kateandtoms.com/houses/old-brook-school-house/the-school-rooms14/,2024-07-13
https://kateandtoms.com/houses/albaston-lodge/albright-lodge17/,2024-07-13
https://kateandtoms.com/houses/kingham-cottages/p1020956/,2024-07-12
https://kateandtoms.com/houses/kingham-cottages/p1020948/,2024-07-12
https://kateandtoms.com/houses/kites-gate-cottage/hot-air-balloon-cotswolds2/,2024-07-11
https://kateandtoms.com/houses/albaston-lodge/albright-lodge3/,2024-07-11
https://kateandtoms.com/houses/lamper-head/lamperhead-140315-7/,2024-07-10
https://kateandtoms.com/houses/derwentwater-house/derwentwater-3/,2024-07-09
https://kateandtoms.com/houses/the-moult-wing/the-moult-29-6-231/,2024-07-08
https://kateandtoms.com/houses/the-old-stone-barns/penbridge-court-estate-25/,2024-07-08
https://kateandtoms.com/houses/owlscombe/njy_dsc1228/,2024-07-07
https://kateandtoms.com/houses/marsden-manor/marsden3295/,2024-07-07
https://kateandtoms.com/houses/villa-judapa/bedroom2-2-2/,2024-07-05
https://kateandtoms.com/houses/house-in-hastings/crows-nest-bunk-house/,2024-07-05
https://kateandtoms.com/houses/the-fitz/the-fitz22513/,2024-07-04
https://kateandtoms.com/houses/lambourn-house/lambourn-house1/,2024-07-04
https://kateandtoms.com/houses/albaston-lodge/albright-lodge2/,2024-07-03
https://kateandtoms.com/houses/goodnestone-park/goodnestone-interior2/,2024-07-03
https://kateandtoms.com/houses/goodnestone-park/goodnestone-interior10/,2024-07-03
https://kateandtoms.com/houses/goodnestone-park/goodnestone-interior15/,2024-07-03
https://kateandtoms.com/houses/nautic-house/nautic-house2/,2024-07-02
https://kateandtoms.com/houses/cambrian-retreat/cambrian-bedroom/,2024-07-02
https://kateandtoms.com/houses/studland-bay-house/studland-bay-exterior-main/,2024-06-30
https://kateandtoms.com/houses/newcross-hall-estate/melmerby-hall-20/,2024-06-29
https://kateandtoms.com/houses/eastlands/eastlands25/,2024-06-27
https://kateandtoms.com/houses/lamper-head/lamperhead-140315-5/,2024-06-23
https://kateandtoms.com/houses/kites-gate-cottage/cotswoldwildlifepark/,2024-06-23
https://kateandtoms.com/houses/river-glaslyn-house/plas-colwyn11700/,2024-06-22
https://kateandtoms.com/houses/kites-gate-cottage/kites-gate-bedroom2/,2024-06-19
https://kateandtoms.com/houses/northridge-hall/northridge-hall44/,2024-06-19
https://kateandtoms.com/houses/northridge-hall/northridge-hall22/,2024-06-19
https://kateandtoms.com/houses/northridge-hall/northridge-hall21/,2024-06-19
https://kateandtoms.com/houses/The-Old-Stone-Barns/facts/,2024-06-17
https://kateandtoms.com/houses/kites-gate-cottage/kites-gate-bedroom3a/,2024-06-17
https://kateandtoms.com/houses/eden-valley-hall-farm/eden-valley-hall-farm22/,2024-06-17
https://kateandtoms.com/houses/cornish-elegance/polpier-and-penpol-6-8-42/,2024-06-15
https://kateandtoms.com/houses/waterfall-house/waterfall-house-3/,2024-06-15
https://kateandtoms.com/houses/waterfall-house/waterfall-house-5/,2024-06-15
https://kateandtoms.com/houses/holmegate-house-and-wing/holmegate-pool-4/,2024-06-15
https://kateandtoms.com/houses/eastlands/eastlands11/,2024-06-14
https://kateandtoms.com/houses/barcroft-retreat/barcroft-retreat_7620/,2024-06-14
https://kateandtoms.com/houses/southlake-house/south-cerney-house8/,2024-06-14
https://kateandtoms.com/houses/bristowe-hill/daytwo0022/,2024-06-14
https://kateandtoms.com/houses/shed-somerset/the-shed-kitchen-3-e1456240013447/,2024-06-13
https://kateandtoms.com/houses/southlake-house/south-cerney-house4/,2024-06-13
https://kateandtoms.com/houses/chalke-valley-house/chalke-valley-house10/,2024-06-12
https://kateandtoms.com/houses/the-moult-wing/the-moult-29-6-341/,2024-06-12
https://kateandtoms.com/houses/the-freeth/the-freeth-15-5-15-11/,2024-06-12
https://kateandtoms.com/houses/the-hideout/the-hide-291219-0020/,2024-06-10
https://kateandtoms.com/houses/kites-gate-cottage/kites-gate-sitting-room2/,2024-06-08
https://kateandtoms.com/houses/meon-valley-house/meon-valley-interior5/,2024-06-07
https://kateandtoms.com/houses/marsden-manor/marsden3321/,2024-06-07
https://kateandtoms.com/houses/bristowe-hill/daytwo0032/,2024-06-07
https://kateandtoms.com/houses/bristowe-hill/daytwo0049/,2024-06-07
https://kateandtoms.com/houses/albaston-lodge/8081851-wmf/,2024-06-04
https://kateandtoms.com/houses/beachley/beachley-house15/,2024-06-03
https://kateandtoms.com/houses/hideaway-cove/waterwynch22/,2024-06-03
https://kateandtoms.com/houses/southlake-house/south-cerney-house7/,2024-06-02
https://kateandtoms.com/houses/wellacres-house/njy_dsc6100/,2024-06-02
https://kateandtoms.com/houses/newcross-hall-estate/villagebakery1/,2024-06-02
https://kateandtoms.com/houses/eden-valley-hall-farm/eden-valley-hall-farm14/,2024-06-01
https://kateandtoms.com/houses/eastlands/eastlands21/,2024-06-01
https://kateandtoms.com/houses/barcroft-retreat/barcroft-retreat_7332/,2024-06-01
https://kateandtoms.com/houses/polpier/polpier-201826570/,2024-06-01
https://kateandtoms.com/houses/the-hideout/the-hide-291219-0116/,2024-06-01
https://kateandtoms.com/houses/ryeworth-cottage/ryeworth-cottage-2/,2024-06-01
https://kateandtoms.com/houses/meon-valley-house/meon-valley-exterior23/,2024-05-31
https://kateandtoms.com/houses/bristowe-hill/attachment/,2024-05-30
https://kateandtoms.com/houses/lamper-head/lamperhead-140315-2/,2024-05-29
https://kateandtoms.com/houses/the-curved-house/the-curve-1st-floor/,2024-05-26
https://kateandtoms.com/houses/the-freeth/the-freeth-15-5-15-10/,2024-05-26
https://kateandtoms.com/houses/studland-bay-house/studland-bay-exterior/,2024-05-26
https://kateandtoms.com/houses/bristowe-hill/daytwo0027/,2024-05-24
https://kateandtoms.com/houses/bristowe-hill/daytwo0050/,2024-05-24
https://kateandtoms.com/houses/font-hall/font-h2020-05-24-conservatory-eve2-15-min/,2024-05-22
https://kateandtoms.com/houses/owlscombe/img_0566/,2024-05-22
https://kateandtoms.com/houses/the-moult-wing/wingmoult2-2/,2024-05-21
https://kateandtoms.com/houses/the-old-stone-barns/penbridge-court-estate-3/,2024-05-18
https://kateandtoms.com/houses/villa-judapa/hallway-1/,2024-05-16
https://kateandtoms.com/houses/dairy-house-cowshed/dairy-house38/,2024-05-14
https://kateandtoms.com/houses/wessex-manor/hires-8735/,2024-05-13
https://kateandtoms.com/houses/owlscombe/_ds19710/,2024-05-12
https://kateandtoms.com/houses/tregulland-cottage-barn/8347fa28-777c-4285-9965-9fb541d702ad/,2024-05-11
https://kateandtoms.com/houses/godolphin-hall/gh_0401/,2024-05-11
https://kateandtoms.com/houses/cornish-elegance/dji_0222/,2024-05-10
https://kateandtoms.com/houses/south-downs-farm/south-downs1/,2024-05-08
https://kateandtoms.com/houses/coast-house/brunton-house-13/,2024-05-08
https://kateandtoms.com/houses/burghwood-hall/_mg_0273/,2024-05-08
https://kateandtoms.com/houses/old-brook-school-house/the-school-rooms4/,2024-05-08
https://kateandtoms.com/houses/hideaway-cove/waterwynch20/,2024-05-08
https://kateandtoms.com/houses/newcross-hall-estate/ ‎/,2024-05-08
https://kateandtoms.com/houses/wellacres-house/njy_dsc5680/,2024-05-07
https://kateandtoms.com/houses/whitelake-hall/low-graythwaite-hall7/,2024-05-07
https://kateandtoms.com/houses/cornish-elegance/1000/,2024-05-02
https://kateandtoms.com/houses/beachley/beachley-house16/,2024-05-01
https://kateandtoms.com/houses/cardynham-house/arc-painswick-38-finest-retreats/,2024-04-30
https://kateandtoms.com/houses/cotswold-edge-house/njy_dsc3845-2/,2024-04-25
https://kateandtoms.com/houses/the-hyde/kitchen_375/,2024-04-25
https://kateandtoms.com/houses/severn-bank-house-2/dsc_2140/,2024-04-24
https://kateandtoms.com/houses/newcross-hall-estate/melmerby-hall-4/,2024-04-24
https://kateandtoms.com/houses/lansdown-house/img_4180/,2024-04-24
https://kateandtoms.com/houses/eden-cottage/eden-cottage-3/,2024-04-24
https://kateandtoms.com/houses/eden-cottage/rowley-estates-elk-cottage-21/,2024-04-24
https://kateandtoms.com/houses/eden-cottage/ullswater-lake-district-6-2/,2024-04-23
https://kateandtoms.com/houses/southlake-house/south-cerney-house5/,2024-04-23
https://kateandtoms.com/houses/studland-bay-house/studland-bay-library/,2024-04-23
https://kateandtoms.com/houses/the-hideout/the-hide-291219-0045/,2024-04-22
https://kateandtoms.com/houses/tregulland-cottage-barn/tregulland-059/,2024-04-22
https://kateandtoms.com/houses/house-in-hastings/turn-table-detail/,2024-04-19
https://kateandtoms.com/houses/ferring/ferring-garden-37/,2024-04-19
https://kateandtoms.com/houses/whitelake-hall/whitelake11/,2024-04-19
https://kateandtoms.com/houses/burrow-retreat/_79a1690/,2024-04-19
https://kateandtoms.com/houses/edge-14/edge14-temp-104/,2024-04-17
https://kateandtoms.com/houses/meon-valley-house/meon-valley-exterior39/,2024-04-17
https://kateandtoms.com/houses/lambourn-house/lambourn-house5/,2024-04-16
https://kateandtoms.com/houses/mandarin-lodge/kowloon40391/,2024-04-16
https://kateandtoms.com/houses/cotswold-valley-court/cotswold-valley-house4/,2024-04-14
https://kateandtoms.com/houses/polpier/polpier-201826528/,2024-04-14
https://kateandtoms.com/houses/river-glaslyn-house/plas-colwyn11691/,2024-04-13
https://kateandtoms.com/houses/tregulland-cottage-barn/oct-2012-5650/,2024-04-13
https://kateandtoms.com/houses/burrow-retreat/_79a1706/,2024-04-12
https://kateandtoms.com/houses/tamaris-house/wooladon20/,2024-04-11
https://kateandtoms.com/houses/tregulland-cottage-barn/tregulland_25bh-069/,2024-04-11
https://kateandtoms.com/houses/the-hyde/bedroom-twin_446/,2024-04-10
https://kateandtoms.com/houses/the-grotto/njy_dsc4090/,2024-04-09
https://kateandtoms.com/houses/ewelme-manor/ewelme-manor-kitchen-2/,2024-04-09
https://kateandtoms.com/houses/the-long-house/rowley-estates-glassonby-81/,2024-04-08
https://kateandtoms.com/houses/the-moult-wing/wingmoultfp/,2024-04-08
https://kateandtoms.com/houses/river-view-castle/pentillie-castle-15/,2024-04-08
https://kateandtoms.com/houses/hideaway-cove/waterwynch-april-22-large-hi-res-100/,2024-04-08
https://kateandtoms.com/houses/shed-somerset/the-shed-playroom/,2024-04-07
https://kateandtoms.com/houses/redacre-hall/redacre-hall-32/,2024-04-06
https://kateandtoms.com/houses/polpier/polpier-main-3/,2024-04-05
https://kateandtoms.com/houses/the-freeth/the-freeth-15-5-15-6/,2024-04-05
https://kateandtoms.com/houses/sky-tower/sky-tower4/,2024-04-04
https://kateandtoms.com/houses/the-hyde/dining-christmas_253/,2024-04-02
https://kateandtoms.com/houses/the-curved-house/numbered-rooms-2/,2024-04-02
https://kateandtoms.com/houses/eden-valley-hall-farm/eden-valley-hall-farm11/,2024-03-31
https://kateandtoms.com/houses/sky-tower/sky-tower5/,2024-03-31
https://kateandtoms.com/houses/sky-tower/sky-tower8/,2024-03-31
https://kateandtoms.com/houses/shed-somerset/the-shed-living-1/,2024-03-30
https://kateandtoms.com/houses/mandarin-lodge/kowloon40401/,2024-03-30
https://kateandtoms.com/houses/lambourn-house/lambourn-house6/,2024-03-29
https://kateandtoms.com/houses/eastlands/eastlands1/,2024-03-28
https://kateandtoms.com/houses/kites-gate-cottage/kites-gate-kitchen/,2024-03-28
https://kateandtoms.com/houses/the-long-house/rowley-estates-glassonby-71/,2024-03-28
https://kateandtoms.com/houses/burghwood-hall/_mar3168/,2024-03-28
https://kateandtoms.com/houses/burghwood-hall/_mar2747/,2024-03-28
https://kateandtoms.com/houses/burghwood-hall/_mar3177/,2024-03-28
https://kateandtoms.com/houses/burghwood-hall/_mar2901/,2024-03-28
https://kateandtoms.com/houses/burghwood-hall/_mar2944/,2024-03-28
https://kateandtoms.com/houses/burghwood-hall/_mar2589/,2024-03-28
https://kateandtoms.com/houses/burghwood-hall/_mar2422/,2024-03-28
https://kateandtoms.com/houses/burghwood-hall/_mar2378/,2024-03-28
https://kateandtoms.com/houses/burghwood-hall/_mar2778/,2024-03-27
https://kateandtoms.com/houses/the-long-house/rowley-estates-glassonby-21/,2024-03-27
https://kateandtoms.com/houses/the-castle-on-the-coast/penn-castle-exterior-4/,2024-03-27
https://kateandtoms.com/houses/the-grotto/njy_dsc4021/,2024-03-26
https://kateandtoms.com/houses/the-freeth/the-freeth-15-5-15-7/,2024-03-26
https://kateandtoms.com/houses/wellacres-house/njy_dsc6162/,2024-03-26
https://kateandtoms.com/houses/wessex-manor/playroom/,2024-03-25
https://kateandtoms.com/houses/hideaway-cove/waterwynch14/,2024-03-24
https://kateandtoms.com/houses/house-in-the-shoe/the-house-in-the-shoe12/,2024-03-24
https://kateandtoms.com/houses/marsden-manor/marsden3298/,2024-03-23
https://kateandtoms.com/houses/derwentwater-house/derwentwater-66/,2024-03-22
https://kateandtoms.com/houses/barcroft-manor/gitcombe3933-2/,2024-03-22
https://kateandtoms.com/houses/churchill-wood/churchill-wood-drone8/,2024-03-21
https://kateandtoms.com/houses/river-glaslyn-house/plas-colwyn11670/,2024-03-20
https://kateandtoms.com/houses/the-grotto/the-grotto9/,2024-03-19
https://kateandtoms.com/houses/waters-reach/waters-reach-9/,2024-03-18
https://kateandtoms.com/houses/old-brook-school-house/the-school-rooms2/,2024-03-17
https://kateandtoms.com/houses/beachley/beachley-house27/,2024-03-17
https://kateandtoms.com/houses/godolphin-hall/gh_0103/,2024-03-17
https://kateandtoms.com/houses/tregulland-cottage-barn/brett-wed-2016-3/,2024-03-17
https://kateandtoms.com/houses/the-loft/theloft-kitchen/,2024-03-17
https://kateandtoms.com/houses/owlscombe/_ds80929/,2024-03-17
https://kateandtoms.com/houses/the-hollies/njy_dsc5461/,2024-03-16
https://kateandtoms.com/houses/redacre-hall/redacre-hall-22/,2024-03-14
https://kateandtoms.com/houses/newcross-hall-estate/melmerby-hall-10/,2024-03-14
https://kateandtoms.com/houses/fell-cottage/rowley-estates-wythburn-41/,2024-03-13
https://kateandtoms.com/houses/the-fitz/the-fitz22541/,2024-03-13
https://kateandtoms.com/houses/cambrian-retreat/tynrhyd-retreat/,2024-03-13
https://kateandtoms.com/houses/taikoo/img_8587/,2024-03-13
https://kateandtoms.com/houses/the-loft/theloft-openplan/,2024-03-13
https://kateandtoms.com/houses/cambrian-retreat/cambrian-lounge/,2024-03-13
https://kateandtoms.com/houses/edge-14/edge14-temp-51/,2024-03-13
https://kateandtoms.com/houses/mandarin-lodge/kowloon40386/,2024-03-13
https://kateandtoms.com/houses/house-in-the-shoe/img_8060/,2024-03-13
https://kateandtoms.com/houses/the-croft/rowley-estates-glassonby-ext-41/,2024-03-12
https://kateandtoms.com/houses/house-in-hastings/kitchen-dresser-view/,2024-03-12
https://kateandtoms.com/houses/house-in-hastings/admiral-suite-bed-view/,2024-03-12
https://kateandtoms.com/houses/house-in-hastings/admiral-view-sea-view-area/,2024-03-12
https://kateandtoms.com/houses/halula-beach-house/halula2164/,2024-03-12
https://kateandtoms.com/houses/sky-tower/sky-tower20-2/,2024-03-12
https://kateandtoms.com/houses/severn-bank-house-2/XV1bL3F1b3Rl/,2024-03-11
https://kateandtoms.com/houses/edge-14/edge14-temp-79/,2024-03-07
https://kateandtoms.com/houses/ludbrook-manor/ludbrook2/,2024-03-07
https://kateandtoms.com/houses/derwentwater-house/derwentwater-8/,2024-03-07
https://kateandtoms.com/houses/taikoo/img_8497/,2024-03-06
https://kateandtoms.com/houses/delphi-apartments/delphi-apartments21/,2024-03-06
https://kateandtoms.com/houses/Windermere-retreat/facts/,2024-03-06
https://kateandtoms.com/houses/marsden-manor/marsden3327/,2024-03-06
https://kateandtoms.com/houses/delphi-apartments/delphi-apartments17/,2024-03-06
https://kateandtoms.com/houses/edge-14/edge14-temp-35/,2024-03-05
https://kateandtoms.com/houses/wellacres-house/njy_dsc5669/,2024-03-04
https://kateandtoms.com/houses/lakeside-house/silverholme-14/,2024-03-04
https://kateandtoms.com/houses/key-west/kay-west7/,2024-03-03
https://kateandtoms.com/houses/villa-judapa/marine_08/,2024-03-03
https://kateandtoms.com/houses/the-curved-house/numbered-rooms/,2024-03-03
https://kateandtoms.com/houses/holmegate-house-and-wing/holmegate-pool-3-3/,2024-03-02
https://kateandtoms.com/houses/wellacres-house/njy_dsc6106/,2024-03-02
https://kateandtoms.com/houses/wellacres-house/wellacres2264/,2024-02-29
https://kateandtoms.com/houses/fell-cottage/rowley-estates-wythburn-61/,2024-02-29
https://kateandtoms.com/houses/taikoo/img_8545/,2024-02-29
https://kateandtoms.com/houses/johnby-cottage/cazenovia-wythburn-riverain-blencowe-ext-151/,2024-02-23
https://kateandtoms.com/houses/barcroft-retreat/barcroft-retreat_7479/,2024-02-23
https://kateandtoms.com/houses/fell-cottage/rowley-estates-wythburn-11/,2024-02-22
https://kateandtoms.com/houses/lamper-head/lamperhead-1403154371/,2024-02-19
https://kateandtoms.com/houses/albaston-lodge/albright-lodge18/,2024-02-18
https://kateandtoms.com/houses/albaston-lodge/albright-lodge15/,2024-02-18
https://kateandtoms.com/houses/hideaway-cove/waterwynch24/,2024-02-18
https://kateandtoms.com/houses/albaston-lodge/yoga-3-copy/,2024-02-18
https://kateandtoms.com/houses/the-hollies/njy_dsc5471/,2024-02-18
https://kateandtoms.com/houses/albaston-lodge/albright-lodge16/,2024-02-18
https://kateandtoms.com/houses/burghwood-hall/_mg_0237/,2024-02-18
https://kateandtoms.com/houses/old-brook-school-house/the-school-rooms1/,2024-02-18
https://kateandtoms.com/houses/waterfall-house/waterfall-house-19/,2024-02-17
https://kateandtoms.com/houses/the-curved-house/the-curve-27-4-15-15/,2024-02-17
https://kateandtoms.com/houses/severn-bank-house-2/riverside-house-1/,2024-02-16
https://kateandtoms.com/houses/the-long-house/rowley-estates-glassonby-41/,2024-02-15
https://kateandtoms.com/houses/churchill-wood/churchill-wood-201835293/,2024-02-15
https://kateandtoms.com/houses/villa-judapa/bedroom4-2018/,2024-02-14
https://kateandtoms.com/houses/lancestone-house/maryfield15/,2024-02-14
https://kateandtoms.com/houses/the-moult-wing/the-moult-29-6-191/,2024-02-12
https://kateandtoms.com/houses/lancestone-house/maryfield25/,2024-02-11
https://kateandtoms.com/houses/chalke-valley-house/chalke-valley-house18/,2024-02-11
https://kateandtoms.com/houses/chalke-valley-house/chalke-valley1/,2024-02-11
https://kateandtoms.com/houses/bristowe-hill/daytwo0040/,2024-02-10
https://kateandtoms.com/houses/cotswold-edge-house/njy_dsc3765-2/,2024-02-09
https://kateandtoms.com/houses/eden-cottage/rowley-estates-glassonby-ext-91/,2024-02-09
https://kateandtoms.com/houses/polpier/polpier-201826595/,2024-02-08
https://kateandtoms.com/houses/the-fitz/njy_dsc5579/,2024-02-08
https://kateandtoms.com/houses/churchill-wood/churchill-wood-201835298/,2024-02-08
https://kateandtoms.com/houses/the-freeth/the-freeth-15-5-15-14/,2024-02-08
https://kateandtoms.com/houses/eden-valley-hall-farm/eden-valley-hall-farm10/,2024-02-06
https://kateandtoms.com/houses/eden-valley-hall-farm/eden-valley-hall-farm19/,2024-02-06
https://kateandtoms.com/houses/ewelme-manor/ewelme-manor-kitchen-1/,2024-02-06
https://kateandtoms.com/houses/eden-cottage/rowley-estates-glassonby-ext-101/,2024-02-03
https://kateandtoms.com/houses/bristowe-hill/daytwo0038/,2024-02-01
https://kateandtoms.com/houses/taw-valley-house/taw-valley-house30/,2024-01-31
https://kateandtoms.com/houses/the-grotto/the-grotto5/,2024-01-31
https://kateandtoms.com/houses/johnby-cottage/rowley-estates-riverain-61/,2024-01-30
https://kateandtoms.com/houses/holmegate-house/holmegate-dining-room-2/,2024-01-27
https://kateandtoms.com/houses/kimmeridge-hall/kimmeridge-hall19/,2024-01-26
https://kateandtoms.com/houses/south-downs-farm/south-downs17/,2024-01-25
https://kateandtoms.com/houses/river-glaslyn-house/pc-7/,2024-01-24
https://kateandtoms.com/houses/severn-bank-house-2/severn-bank-house2/,2024-01-24
https://kateandtoms.com/houses/southlake-house/south-cerney-house11/,2024-01-24
https://kateandtoms.com/houses/the-loft/theloft-bedroom-front/,2024-01-21
https://kateandtoms.com/houses/the-moult-wing/moult3933-edit/,2024-01-21
https://kateandtoms.com/houses/shed-somerset/img_0311/,2024-01-20
https://kateandtoms.com/houses/campden-edge/campden-edge14/,2024-01-19
https://kateandtoms.com/houses/ewelme-manor/ewelme-manor-loggia/,2024-01-19
https://kateandtoms.com/houses/lansdown-house/longworth-villa-26406/,2024-01-19
https://kateandtoms.com/houses/the-slate-beach-house/camel-quarry-127/,2024-01-18
https://kateandtoms.com/houses/the-castle-on-the-coast/penn-castle-bedrooms-7/,2024-01-18
https://kateandtoms.com/houses/halula-beach-house/halula2172/,2024-01-15
https://kateandtoms.com/houses/churchill-wood/churchill-wood-201835286/,2024-01-15
https://kateandtoms.com/houses/goodnestone-park/goodnestone-interior11/,2024-01-15
https://kateandtoms.com/houses/hilltop-hall/hilltop-hall13/,2024-01-14
https://kateandtoms.com/houses/studland-bay-house/studland-bay-garden-2/,2024-01-14
https://kateandtoms.com/houses/lakeside-house/silverholme-7/,2024-01-14
https://kateandtoms.com/houses/pedington-manor/pedington-horses/,2024-01-13
https://kateandtoms.com/houses/the-georgian-house/georgian-house1/,2024-01-13
https://kateandtoms.com/houses/cotswold-edge-house/njy_dsc3795-2/,2024-01-13
https://kateandtoms.com/houses/the-loft/the-coach-house-6/,2024-01-12
https://kateandtoms.com/houses/the-curved-house/curved-house-floor-plan-2/,2024-01-12
https://kateandtoms.com/houses/goodnestone-park/untitled-26-of-26/,2024-01-12
https://kateandtoms.com/houses/holmegate-house-and-wing/holmegate-garden1/,2024-01-12
https://kateandtoms.com/houses/redacre-hall/redacre-hall-2/,2024-01-12
https://kateandtoms.com/houses/the-georgian-house/ardington-14/,2024-01-12
https://kateandtoms.com/houses/the-georgian-house/georgian-house11/,2024-01-11
https://kateandtoms.com/houses/waterfall-house/waterfall-house-8/,2024-01-11
https://kateandtoms.com/houses/springfield-house/springfield-house-lounge/,2024-01-11
https://kateandtoms.com/houses/redacre-hall/tennis-court-2/,2024-01-11
https://kateandtoms.com/houses/font-hall/font-hall-058/,2024-01-10
https://kateandtoms.com/houses/studland-bay-house/studland-bay-hallway/,2024-01-10
https://kateandtoms.com/houses/the-grotto/njy_dsc4018/,2024-01-09
https://kateandtoms.com/houses/landmark/landmark21/,2024-01-09
https://kateandtoms.com/houses/ewelme-manor/ewelme-manor-garden-view/,2024-01-08
https://kateandtoms.com/houses/pedington-manor/peddington-20162586/,2024-01-07
https://kateandtoms.com/houses/the-hyde/bedroom-6_191/,2024-01-07
https://kateandtoms.com/houses/the-hideout/the-hide-291219-0012/,2024-01-07
https://kateandtoms.com/houses/the-fitz/the-fitz22503/,2024-01-07
https://kateandtoms.com/houses/river-glaslyn-house/plas-colwyn11667/,2024-01-06
https://kateandtoms.com/houses/kites-gate-cottage/kites-gate-sitting-room/,2024-01-06
https://kateandtoms.com/houses/the-grotto/the-grotto8/,2024-01-05
https://kateandtoms.com/houses/the-freeth/the-freeth-15-5-15-1/,2024-01-04
https://kateandtoms.com/houses/river-glaslyn-house/plas-colwyn11686/,2024-01-04
https://kateandtoms.com/houses/birkmere-hall-estate/blencowe-hall-cromwells-folly-bedroom-in-south-tower-four-poster-bed-luxury-bedroom-historic-house-holiday-rental-1/,2024-01-04
https://kateandtoms.com/houses/the-georgian-house/georgian-house6/,2024-01-03
https://kateandtoms.com/houses/marsden-manor/marsden3310/,2024-01-01
https://kateandtoms.com/houses/waterfall-house/waterfall-house-17/,2024-01-01
https://kateandtoms.com/houses/wessex-manor/hall-table/,2024-01-01
https://kateandtoms.com/houses/barcroft-manor/gitcombe3683-2/,2024-01-01
https://kateandtoms.com/houses/springfield-house/springfield-house-terrace/,2024-01-01
https://kateandtoms.com/houses/barcroft-manor/gitcombe3940-2/,2024-01-01
https://kateandtoms.com/houses/the-fitz/njy_dsc5555/,2023-12-31
https://kateandtoms.com/houses/johnby-cottage/rowley-estates-riverain-21/,2023-12-31
https://kateandtoms.com/houses/polpier/polpier-201826512/,2023-12-31
https://kateandtoms.com/houses/the-fitz/the-fitz22501/,2023-12-31
https://kateandtoms.com/houses/the-freeth/the-freeth-15-5-15-4/,2023-12-31
https://kateandtoms.com/houses/edge-14/11-09-12-edge14-87/,2023-12-30
https://kateandtoms.com/houses/wellacres-house/njy_dsc5666/,2023-12-30
https://kateandtoms.com/houses/box-barn/b-barn40256/,2023-12-30
https://kateandtoms.com/houses/godolphin-hall/gh_0004/,2023-12-29
https://kateandtoms.com/houses/the-old-stone-barns/penbridge-court-estate-19/,2023-12-29
https://kateandtoms.com/houses/jacobean-hall/jacobean2-4-154/,2023-12-29
https://kateandtoms.com/houses/lambourn-house/lambourn-house3/,2023-12-28
https://kateandtoms.com/houses/lambourn-house/lambourn-house2/,2023-12-28
https://kateandtoms.com/houses/the-lodge/brookway-lodge-48/,2023-12-28
https://kateandtoms.com/houses/studland-bay-house/studland-bay-garden-1/,2023-12-28
https://kateandtoms.com/houses/studland-bay-house/studland-bay-hall-way/,2023-12-28
https://kateandtoms.com/houses/severn-bank-house-2/severn-bank-house3/,2023-12-28
https://kateandtoms.com/houses/font-hall/font-hall-079/,2023-12-28
https://kateandtoms.com/houses/hilltop-hall/hilltop-hall20/,2023-12-27
https://kateandtoms.com/houses/hideaway-cove/waterwynch6/,2023-12-27
https://kateandtoms.com/houses/the-georgian-house/ardington-16/,2023-12-27
https://kateandtoms.com/houses/the-fitz/njy_dsc5560/,2023-12-27
https://kateandtoms.com/houses/the-loft/theloft-sittingroom-e1397643395379/,2023-12-27
https://kateandtoms.com/houses/holmegate-house-and-wing/holemagte-conservatory2/,2023-12-27
https://kateandtoms.com/houses/the-slate-beach-house/camel-quarry-79/,2023-12-27
https://kateandtoms.com/houses/halula-beach-house/halula2122/,2023-12-26
https://kateandtoms.com/houses/river-glaslyn-house/plas-colwyn11695/,2023-12-26
https://kateandtoms.com/houses/waterfall-house/waterfall-house-12/,2023-12-26
https://kateandtoms.com/houses/eden-valley-hall-farm/eden-valley-hall-farm18/,2023-12-26
https://kateandtoms.com/houses/studland-bay-house/studland-bay-bedroom-2/,2023-12-26
https://kateandtoms.com/houses/royal-tudor-manor/royal-tudor-manor11-2/,2023-12-25
https://kateandtoms.com/houses/taikoo/img_8600/,2023-12-25
https://kateandtoms.com/houses/eastlands/eastlands4/,2023-12-23
https://kateandtoms.com/houses/campden-edge/campden-edge21/,2023-12-22
https://kateandtoms.com/houses/marsden-manor/marsden11358/,2023-12-21
https://kateandtoms.com/houses/albaston-lodge/albright-lodge19/,2023-12-20
https://kateandtoms.com/houses/redacre-hall/redacre-hall-63/,2023-12-20
https://kateandtoms.com/houses/studland-bay-house/studland-bay-bathroom/,2023-12-20
https://kateandtoms.com/houses/chalke-valley-house/chalke-valley-house13/,2023-12-20
https://kateandtoms.com/houses/godolphin-hall/gh_1819/,2023-12-19
https://kateandtoms.com/houses/waterfall-house/waterfall-house-22/,2023-12-19
https://kateandtoms.com/houses/the-hyde/view-of-the-hyde-panoramic/,2023-12-19
https://kateandtoms.com/houses/cotswold-edge-house/njy_dsc3781-2/,2023-12-19
https://kateandtoms.com/houses/beachley/beachley-house5/,2023-12-18
https://kateandtoms.com/houses/wellacres-house/wellacres2276/,2023-12-17
https://kateandtoms.com/houses/marsden-manor/marsden3300/,2023-12-16
https://kateandtoms.com/houses/halula-beach-house/halula2115/,2023-12-16
https://kateandtoms.com/houses/barcroft-manor/drawing-room-2/,2023-12-16
https://kateandtoms.com/houses/the-moult-wing/the-moult-29-6-351/,2023-12-16
https://kateandtoms.com/houses/lamper-head/lamperhead-140315-1/,2023-12-15
https://kateandtoms.com/houses/wellacres-house/wellacres2216/,2023-12-13
https://kateandtoms.com/houses/campden-edge/campden-edge19/,2023-12-13
https://kateandtoms.com/houses/cornish-elegance/polpier_0351/,2023-12-13
https://kateandtoms.com/houses/holmegate-house/holmegate-dining-room-1/,2023-12-13
https://kateandtoms.com/houses/shed-somerset/wheat-field-suffolk-countryside/,2023-12-13
https://kateandtoms.com/houses/waters-reach/waters-reach6/,2023-12-11
https://kateandtoms.com/houses/the-slate-beach-house/camel-quarry-25/,2023-12-10
https://kateandtoms.com/houses/the-loft/theloft-bedrrom2/,2023-12-10
https://kateandtoms.com/houses/south-downs-farm/south-downs19/,2023-12-10
https://kateandtoms.com/houses/lansdown-house/img_4181/,2023-12-10
https://kateandtoms.com/houses/edge-14/edge14-temp-93/,2023-12-09
https://kateandtoms.com/houses/the-old-stone-barns/penbridge-court-estate-5/,2023-12-08
https://kateandtoms.com/houses/the-old-stone-barns/penbridge-court-estate-6/,2023-12-08
https://kateandtoms.com/houses/the-hyde/the-cottage_478/,2023-12-07
https://kateandtoms.com/houses/waters-reach/waters-reach-11/,2023-12-06
https://kateandtoms.com/houses/churchill-wood/churchill-wood-drone20/,2023-12-06
https://kateandtoms.com/houses/barcroft-manor/gitcombe3736/,2023-12-05
https://kateandtoms.com/houses/beachley/beachley-house2/,2023-12-03
https://kateandtoms.com/houses/taikoo/img_8534/,2023-12-03
https://kateandtoms.com/houses/wessex-manor/hires-8851/,2023-12-03
https://kateandtoms.com/houses/landmark/landmark20/,2023-12-03
https://kateandtoms.com/houses/campden-edge/campden-edge6/,2023-12-02
https://kateandtoms.com/houses/cotswold-valley-court/the-court-house2/,2023-12-02
https://kateandtoms.com/houses/meon-valley-house/meon-valley-exterior42/,2023-12-01
https://kateandtoms.com/houses/hilltop-hall/hilltop-hall17/,2023-12-01
https://kateandtoms.com/houses/taikoo/img_8549/,2023-12-01
https://kateandtoms.com/houses/the-old-stone-barns/penbridge-court-estate-2/,2023-11-30
https://kateandtoms.com/houses/eden-valley-hall-farm/eden-valley-hall-farm2/,2023-11-28
https://kateandtoms.com/houses/the-freeth/the-freeth-15-5-15-19/,2023-11-27
https://kateandtoms.com/houses/halula-beach-house/halula2130/,2023-11-26
https://kateandtoms.com/houses/springfield-house/springfield-house-exterior/,2023-11-25
https://kateandtoms.com/houses/whitelake-hall/low-graythwaite-hall15/,2023-11-24
https://kateandtoms.com/houses/beachley/beachley-house10/,2023-11-24
https://kateandtoms.com/houses/royal-tudor-manor/royal-tudor-manor4-2/,2023-11-23
https://kateandtoms.com/houses/springfield-house/springfield-house-porch/,2023-11-23
https://kateandtoms.com/houses/barcroft-manor/gitcombe3747/,2023-11-23
https://kateandtoms.com/houses/polpier/polpier-201826607/,2023-11-23
https://kateandtoms.com/houses/old-station-house/cedar-house-garden-bedroom/,2023-11-22
https://kateandtoms.com/houses/cambrian-retreat/barcud-lounge-1/,2023-11-22
https://kateandtoms.com/houses/lansdown-house/longworth-villa-26474/,2023-11-22
https://kateandtoms.com/houses/southlake-house/south-cerney-house12/,2023-11-22
https://kateandtoms.com/houses/house-in-hastings/external-view-side/,2023-11-22
https://kateandtoms.com/houses/the-old-stone-barns/penbridge-court-estate-20/,2023-11-20
https://kateandtoms.com/houses/barcroft-retreat/barcroft-retreat_7138/,2023-11-20
https://kateandtoms.com/houses/the-freeth/the-freeth-15-5-15-17/,2023-11-20
https://kateandtoms.com/houses/ewelme-manor/ewelme-manor-grounds/,2023-11-19
https://kateandtoms.com/houses/wessex-manor/hires-5523/,2023-11-18
https://kateandtoms.com/houses/polpier/polpier-201826578/,2023-11-18
https://kateandtoms.com/houses/whitelake-hall/low-graythwaite-hall16/,2023-11-17
https://kateandtoms.com/houses/barcroft-retreat/barcroft-retreat_7742/,2023-11-17
https://kateandtoms.com/houses/lansdown-house/longworth-villa-26391/,2023-11-17
https://kateandtoms.com/houses/the-moult-wing/the-moult-29-6-111/,2023-11-17
https://kateandtoms.com/houses/studland-bay-house/studland-bay-morning-room/,2023-11-17
https://kateandtoms.com/houses/lansdown-house/the-daffodil-2/,2023-11-16
https://kateandtoms.com/houses/house-in-hastings/dining-room-fire-view/,2023-11-16
https://kateandtoms.com/houses/cotswold-edge-house/njy_dsc3807-2/,2023-11-16
https://kateandtoms.com/houses/cotswold-edge-house/njy_dsc3853-2/,2023-11-16
https://kateandtoms.com/houses/cotswold-edge-house/njy_dsc3819-2/,2023-11-16
https://kateandtoms.com/houses/cotswold-edge-house/njy_dsc3803-2/,2023-11-16
https://kateandtoms.com/houses/the-georgian-house/georgian-house5/,2023-11-16
https://kateandtoms.com/houses/waterfall-house/waterfall-house-18/,2023-11-15
https://kateandtoms.com/houses/eden-valley-hall-farm/eden-valley-hall-farm15/,2023-11-14
https://kateandtoms.com/houses/the-moult-wing/the-moult-29-6-201/,2023-11-13
https://kateandtoms.com/houses/hideaway-cove/waterwynch9/,2023-11-13
https://kateandtoms.com/houses/the-castle-on-the-coast/penn-castle-bedrooms-10/,2023-11-11
https://kateandtoms.com/houses/campden-edge/campden-edge20/,2023-11-11
https://kateandtoms.com/houses/lamper-head/lamperhead-140315-6/,2023-11-10
https://kateandtoms.com/houses/springfield-house/springfield-house-staircase/,2023-11-10
https://kateandtoms.com/houses/tregulland-cottage-barn/tregulland-105/,2023-11-09
https://kateandtoms.com/houses/old-brook-school-house/the-school-rooms6/,2023-11-09
https://kateandtoms.com/houses/churchill-wood/churchill-wood-201835282/,2023-11-08
https://kateandtoms.com/houses/southlake-house/south-cerney-house9/,2023-11-08
https://kateandtoms.com/houses/taikoo/taikoo3526/,2023-11-07
https://kateandtoms.com/houses/meon-valley-house/meon-valley-exterior35/,2023-11-07
https://kateandtoms.com/houses/studland-bay-house/studland-bay-balcony-view-2/,2023-11-07
https://kateandtoms.com/houses/lamper-head/lamperhead-140315-4/,2023-11-06
https://kateandtoms.com/houses/cornish-elegance/polpier_0058/,2023-11-05
https://kateandtoms.com/houses/meon-valley-house/meon-valley-exterior51/,2023-11-05
https://kateandtoms.com/houses/landmark/landmark33/,2023-11-05
https://kateandtoms.com/houses/tamaris-house/wooladon17/,2023-11-04
https://kateandtoms.com/houses/wellacres-house/wellacres2230/,2023-11-04
https://kateandtoms.com/houses/the-freeth/the-freeth-15-5-15-18/,2023-11-03
https://kateandtoms.com/houses/meon-valley-house/meon-valley-exterior12/,2023-11-03
https://kateandtoms.com/houses/barcroft-manor/gitcombe3704-2/,2023-11-03
https://kateandtoms.com/houses/holmegate-house/holmegate-bedroom-3-2/,2023-11-03
https://kateandtoms.com/houses/owlscombe/njy_dsc1252/,2023-11-02
https://kateandtoms.com/houses/meon-valley-house/meon-valley-interior2/,2023-11-02
https://kateandtoms.com/houses/old-station-house/the-arthouse-master-bedroom/,2023-11-02
https://kateandtoms.com/houses/waterfall-house/waterfall-house-4/,2023-11-01
https://kateandtoms.com/houses/albaston-lodge/4-seasons-2/,2023-11-01
https://kateandtoms.com/houses/tregulland-cottage-barn/tregulland-126/,2023-11-01
https://kateandtoms.com/houses/hideaway-cove/waterwynch1/,2023-10-30
https://kateandtoms.com/houses/river-glaslyn-house/plas-colwyn11703/,2023-10-30
https://kateandtoms.com/houses/ferring/model-3/,2023-10-29
https://kateandtoms.com/houses/lodge-cottage/lodge-twin-bedroom/,2023-10-29
https://kateandtoms.com/houses/lambourn-house/09-summer-house-001/,2023-10-28
https://kateandtoms.com/houses/eastlands/eastlands9/,2023-10-28
https://kateandtoms.com/houses/ferring/model-4/,2023-10-27
https://kateandtoms.com/houses/kingham-cottages/berrypen1/,2023-10-27
https://kateandtoms.com/houses/barcroft-manor/gitcombe3655-2/,2023-10-27
https://kateandtoms.com/houses/eastlands/eastlands17/,2023-10-27
https://kateandtoms.com/houses/old-brook-school-house/the-school-rooms9/,2023-10-27
https://kateandtoms.com/houses/the-hyde/bedroom-3_093/,2023-10-26
https://kateandtoms.com/houses/the-hyde/conservatory_435/,2023-10-26
https://kateandtoms.com/houses/barcroft-manor/gitcombe3921-2/,2023-10-26
https://kateandtoms.com/houses/taw-valley-house/mount-sandford-house-ext-5/,2023-10-25
https://kateandtoms.com/houses/churchill-wood/churchill-wood-drone9/,2023-10-24
https://kateandtoms.com/houses/cornish-elegance/polpier_0757/,2023-10-23
https://kateandtoms.com/houses/churchill-wood/churchill-wood-drone16/,2023-10-20
https://kateandtoms.com/houses/churchill-wood/churchill-wood-drone1/,2023-10-20
https://kateandtoms.com/houses/edge-14/11-09-12-edge14-138/,2023-10-19
https://kateandtoms.com/houses/little-bickley/little-bickley-bedroom-3/,2023-10-17
https://kateandtoms.com/houses/ludbrook-manor/ludbrook12/,2023-10-16
https://kateandtoms.com/houses/royal-tudor-manor/royal-tudor-manor5-2/,2023-10-15
https://kateandtoms.com/houses/barcroft-manor/gitcombe3675-2/,2023-10-14
https://kateandtoms.com/houses/churchill-wood/churchill-wood-drone14/,2023-10-14
https://kateandtoms.com/houses/holmegate-house-and-wing/holmegate-garden6/,2023-10-11
https://kateandtoms.com/houses/birkmere-hall/birkmere2/,2023-10-11
https://kateandtoms.com/houses/waterfall-house/waterfall-house-13/,2023-10-10
https://kateandtoms.com/houses/halula-beach-house/halula2089/,2023-10-10
https://kateandtoms.com/houses/edge-14/edge14-temp-97-2/,2023-10-09
https://kateandtoms.com/houses/the-moult-wing/the-moult-29-6-331/,2023-10-05
https://kateandtoms.com/houses/waterfall-house/waterfall-house-11/,2023-10-04
https://kateandtoms.com/houses/beachley/beachley-house25/,2023-10-04
https://kateandtoms.com/houses/the-hyde/bedroom-2_057/,2023-10-04
https://kateandtoms.com/houses/cornish-elegance/polpier_0734/,2023-10-03
https://kateandtoms.com/houses/holmegate-house-and-wing/holmegate-garden4/,2023-10-02
https://kateandtoms.com/houses/the-hyde/bathroom-1_112/,2023-09-29
https://kateandtoms.com/houses/summers-lodge/summers-lodge36215/,2023-09-29
https://kateandtoms.com/houses/goodnestone-park/goodnestone-interior24/,2023-09-27
https://kateandtoms.com/houses/burrow-retreat/_79a1703/,2023-09-24
https://kateandtoms.com/houses/severn-lodge/severn-lodge8/,2023-09-23
https://kateandtoms.com/houses/landmark/landmark13/,2023-09-18
https://kateandtoms.com/houses/the-hollies/njy_dsc5434/,2023-09-18
https://kateandtoms.com/houses/taikoo/img_8613/,2023-09-18
https://kateandtoms.com/houses/fell-cottage/cazenovia-wythburn-riverain-blencowe-ext-91/,2023-09-15
https://kateandtoms.com/houses/landmark/landmark10/,2023-09-14
https://kateandtoms.com/houses/holmegate-house-and-wing/holmegate-kitchen/,2023-09-05
https://kateandtoms.com/houses/meon-valley-house/meon-valley-exterior49/,2023-09-04
https://kateandtoms.com/houses/kingham-cottages/l-path-2/,2023-09-03
https://kateandtoms.com/houses/mangerton-house/mangerton-house-3-26/,2023-09-01
https://kateandtoms.com/houses/waterfall-house/waterfall-house-23/,2023-09-01
https://kateandtoms.com/houses/pedington-manor/peddington-20162571/,2023-09-01
https://kateandtoms.com/houses/barcroft-manor/kitchen-1-3/,2023-08-30
https://kateandtoms.com/houses/kirkbride-hall/lr-kirkbride-hall-ext/,2023-08-24
https://kateandtoms.com/houses/holmegate-house/holmegate-dining-room-4/,2023-08-24
https://kateandtoms.com/houses/croft-house/croft-house11/,2023-08-22
https://kateandtoms.com/houses/polpier/polpier-living-spaces/,2023-08-21
https://kateandtoms.com/houses/croft-house/croft-house6/,2023-08-16
https://kateandtoms.com/houses/holmegate-house/holmegate-bedroom-4/,2023-08-15
https://kateandtoms.com/houses/the-castle-on-the-coast/penn-castle-bedrooms-91/,2023-08-15
https://kateandtoms.com/houses/the-grotto/njy_dsc4004/,2023-08-14
https://kateandtoms.com/houses/the-grotto/njy_dsc4074/,2023-08-14
https://kateandtoms.com/houses/the-grotto/njy_dsc4039/,2023-08-14
https://kateandtoms.com/houses/the-grotto/njy_dsc4080/,2023-08-14
https://kateandtoms.com/houses/meon-valley-house/meon-valley-exterior29/,2023-08-14
https://kateandtoms.com/houses/ludbrook-manor/ludbrook5/,2023-08-13
https://kateandtoms.com/houses/the-old-stone-barns/penbridge-court-estate-13/,2023-08-12
https://kateandtoms.com/houses/the-castle-on-the-coast/penn-castle-exterior-1/,2023-08-11
https://kateandtoms.com/houses/nautic-house/nautic-house10/,2023-08-08
https://kateandtoms.com/houses/northridge-hall-and-cottage/northridge-hall10-2/,2023-08-06
https://kateandtoms.com/houses/the-slate-beach-house/camel-quarry-13/,2023-08-05
https://kateandtoms.com/houses/lansdown-house/longworth-villa-26460/,2023-08-03
https://kateandtoms.com/houses/lansdown-house/longworth-villa-26418/,2023-08-02
https://kateandtoms.com/houses/southlake-house/south-cerney-house10/,2023-07-31
https://kateandtoms.com/houses/seascape/seascape-2/,2023-07-30
https://kateandtoms.com/houses/barcroft-manor/gitcombe3944-2/,2023-07-29
https://kateandtoms.com/houses/the-slate-beach-house/camel-quarry-49/,2023-07-24
https://kateandtoms.com/houses/cotswold-edge-house/njy_dsc3824-2/,2023-07-23
https://kateandtoms.com/houses/ryeworth-cottage/ryeworth-cottage-sittingroom2/,2023-07-23
https://kateandtoms.com/houses/springfield-house/springfield-house-kitchen/,2023-07-22
https://kateandtoms.com/houses/river-glaslyn-house/plas-colwyn11679/,2023-07-22
https://kateandtoms.com/houses/seascape/seascape-8/,2023-07-21